{
    "$schema": "https://schema.management.azure.com/schemas/2015-01-01/deploymentParameters.json#",
    "contentVersion": "1.0.0.0",
    "parameters": {
        "connections_twilio_name": {
            "value": null
        },
        "connections_outlook_name": {
            "value": null
        },
        "connections_twilio_1_name": {
            "value": null
        },
        "connections_azureblob_name": {
            "value": null
        },
        "connections_azurefile_name": {
            "value": null
        },
        "connections_outlook_1_name": {
            "value": null
        },
        "virtualMachines_vm1_name": {
            "value": null
        },
        "connections_azureblob_1_name": {
            "value": null
        },
        "connections_azurefile_1_name": {
            "value": null
        },
        "virtualNetworks_vnet_name": {
            "value": null
        },
        "workflows_logicappmumbai_name": {
            "value": null
        },
        "networkInterfaces_vm1145_name": {
            "value": null
        },
        "networkInterfaces_vm1961_name": {
            "value": null
        },
        "publicIPAddresses_vm1_ip_name": {
            "value": null
        },
        "publicIPAddresses_vm1ip668_name": {
            "value": null
        },
        "storageAccounts_kolshet3033_name": {
            "value": null
        },
        "azureFirewalls_vnet_Firewall_name": {
            "value": null
        },
        "networkSecurityGroups_vm1_nsg_name": {
            "value": null
        },
        "networkSecurityGroups_vm1nsg469_name": {
            "value": null
        },
        "metricAlerts_Percentage_CPU___vm1_name": {
            "value": null
        },
        "actionGroups_RecommendedAlertRules_AG_1_name": {
            "value": null
        },
        "storageSyncServices_Storagesyncservice_name": {
            "value": null
        },
        "publicIPAddresses_vnet_firewall_publicIpAddress_name": {
            "value": null
        }
    }
}