{
    "$schema": "https://schema.management.azure.com/schemas/2019-04-01/deploymentTemplate.json#",
    "contentVersion": "1.0.0.0",
    "parameters": {
        "connections_twilio_name": {
            "defaultValue": "twilio",
            "type": "String"
        },
        "connections_outlook_name": {
            "defaultValue": "outlook",
            "type": "String"
        },
        "connections_twilio_1_name": {
            "defaultValue": "twilio-1",
            "type": "String"
        },
        "connections_azureblob_name": {
            "defaultValue": "azureblob",
            "type": "String"
        },
        "connections_azurefile_name": {
            "defaultValue": "azurefile",
            "type": "String"
        },
        "connections_outlook_1_name": {
            "defaultValue": "outlook-1",
            "type": "String"
        },
        "virtualMachines_vm1_name": {
            "defaultValue": "vm1",
            "type": "String"
        },
        "connections_azureblob_1_name": {
            "defaultValue": "azureblob-1",
            "type": "String"
        },
        "connections_azurefile_1_name": {
            "defaultValue": "azurefile-1",
            "type": "String"
        },
        "virtualNetworks_vnet_name": {
            "defaultValue": "vnet",
            "type": "String"
        },
        "workflows_logicappmumbai_name": {
            "defaultValue": "logicappmumbai",
            "type": "String"
        },
        "networkInterfaces_vm1145_name": {
            "defaultValue": "vm1145",
            "type": "String"
        },
        "networkInterfaces_vm1961_name": {
            "defaultValue": "vm1961",
            "type": "String"
        },
        "publicIPAddresses_vm1_ip_name": {
            "defaultValue": "vm1-ip",
            "type": "String"
        },
        "publicIPAddresses_vm1ip668_name": {
            "defaultValue": "vm1ip668",
            "type": "String"
        },
        "storageAccounts_kolshet3033_name": {
            "defaultValue": "kolshet3033",
            "type": "String"
        },
        "azureFirewalls_vnet_Firewall_name": {
            "defaultValue": "vnet-Firewall",
            "type": "String"
        },
        "networkSecurityGroups_vm1_nsg_name": {
            "defaultValue": "vm1-nsg",
            "type": "String"
        },
        "networkSecurityGroups_vm1nsg469_name": {
            "defaultValue": "vm1nsg469",
            "type": "String"
        },
        "metricAlerts_Percentage_CPU___vm1_name": {
            "defaultValue": "Percentage CPU - vm1",
            "type": "String"
        },
        "actionGroups_RecommendedAlertRules_AG_1_name": {
            "defaultValue": "RecommendedAlertRules-AG-1",
            "type": "String"
        },
        "storageSyncServices_Storagesyncservice_name": {
            "defaultValue": "Storagesyncservice",
            "type": "String"
        },
        "publicIPAddresses_vnet_firewall_publicIpAddress_name": {
            "defaultValue": "vnet-firewall-publicIpAddress",
            "type": "String"
        }
    },
    "variables": {},
    "resources": [
        {
            "type": "microsoft.insights/actionGroups",
            "apiVersion": "2023-01-01",
            "name": "[parameters('actionGroups_RecommendedAlertRules_AG_1_name')]",
            "location": "Global",
            "properties": {
                "groupShortName": "recalert1",
                "enabled": true,
                "emailReceivers": [
                    {
                        "name": "Email_-EmailAction-",
                        "emailAddress": "shivam.pratap3033@gmail.com",
                        "useCommonAlertSchema": true
                    }
                ],
                "smsReceivers": [],
                "webhookReceivers": [],
                "eventHubReceivers": [],
                "itsmReceivers": [],
                "azureAppPushReceivers": [
                    {
                        "name": "Azure app_-AzureAppAction-",
                        "emailAddress": "shivam.pratap3033@gmail.com"
                    }
                ],
                "automationRunbookReceivers": [],
                "voiceReceivers": [],
                "logicAppReceivers": [],
                "azureFunctionReceivers": [],
                "armRoleReceivers": []
            }
        },
        {
            "type": "Microsoft.Network/networkSecurityGroups",
            "apiVersion": "2023-05-01",
            "name": "[parameters('networkSecurityGroups_vm1_nsg_name')]",
            "location": "eastus",
            "properties": {
                "securityRules": [
                    {
                        "name": "RDP",
                        "id": "[resourceId('Microsoft.Network/networkSecurityGroups/securityRules', parameters('networkSecurityGroups_vm1_nsg_name'), 'RDP')]",
                        "type": "Microsoft.Network/networkSecurityGroups/securityRules",
                        "properties": {
                            "protocol": "TCP",
                            "sourcePortRange": "*",
                            "destinationPortRange": "3389",
                            "sourceAddressPrefix": "*",
                            "destinationAddressPrefix": "*",
                            "access": "Allow",
                            "priority": 300,
                            "direction": "Inbound",
                            "sourcePortRanges": [],
                            "destinationPortRanges": [],
                            "sourceAddressPrefixes": [],
                            "destinationAddressPrefixes": []
                        }
                    },
                    {
                        "name": "HTTP",
                        "id": "[resourceId('Microsoft.Network/networkSecurityGroups/securityRules', parameters('networkSecurityGroups_vm1_nsg_name'), 'HTTP')]",
                        "type": "Microsoft.Network/networkSecurityGroups/securityRules",
                        "properties": {
                            "protocol": "TCP",
                            "sourcePortRange": "*",
                            "destinationPortRange": "80",
                            "sourceAddressPrefix": "*",
                            "destinationAddressPrefix": "*",
                            "access": "Allow",
                            "priority": 320,
                            "direction": "Inbound",
                            "sourcePortRanges": [],
                            "destinationPortRanges": [],
                            "sourceAddressPrefixes": [],
                            "destinationAddressPrefixes": []
                        }
                    }
                ]
            }
        },
        {
            "type": "Microsoft.Network/networkSecurityGroups",
            "apiVersion": "2023-05-01",
            "name": "[parameters('networkSecurityGroups_vm1nsg469_name')]",
            "location": "eastus",
            "properties": {
                "securityRules": [
                    {
                        "name": "RDP",
                        "id": "[resourceId('Microsoft.Network/networkSecurityGroups/securityRules', parameters('networkSecurityGroups_vm1nsg469_name'), 'RDP')]",
                        "type": "Microsoft.Network/networkSecurityGroups/securityRules",
                        "properties": {
                            "protocol": "TCP",
                            "sourcePortRange": "*",
                            "destinationPortRange": "3389",
                            "sourceAddressPrefix": "*",
                            "destinationAddressPrefix": "*",
                            "access": "Allow",
                            "priority": 300,
                            "direction": "Inbound",
                            "sourcePortRanges": [],
                            "destinationPortRanges": [],
                            "sourceAddressPrefixes": [],
                            "destinationAddressPrefixes": []
                        }
                    },
                    {
                        "name": "HTTP",
                        "id": "[resourceId('Microsoft.Network/networkSecurityGroups/securityRules', parameters('networkSecurityGroups_vm1nsg469_name'), 'HTTP')]",
                        "type": "Microsoft.Network/networkSecurityGroups/securityRules",
                        "properties": {
                            "protocol": "TCP",
                            "sourcePortRange": "*",
                            "destinationPortRange": "80",
                            "sourceAddressPrefix": "*",
                            "destinationAddressPrefix": "*",
                            "access": "Allow",
                            "priority": 320,
                            "direction": "Inbound",
                            "sourcePortRanges": [],
                            "destinationPortRanges": [],
                            "sourceAddressPrefixes": [],
                            "destinationAddressPrefixes": []
                        }
                    }
                ]
            }
        },
        {
            "type": "Microsoft.Network/publicIPAddresses",
            "apiVersion": "2023-05-01",
            "name": "[parameters('publicIPAddresses_vm1_ip_name')]",
            "location": "eastus",
            "sku": {
                "name": "Standard",
                "tier": "Regional"
            },
            "properties": {
                "ipAddress": "40.88.144.16",
                "publicIPAddressVersion": "IPv4",
                "publicIPAllocationMethod": "Static",
                "idleTimeoutInMinutes": 4,
                "ipTags": [],
                "ddosSettings": {
                    "protectionMode": "VirtualNetworkInherited"
                }
            }
        },
        {
            "type": "Microsoft.Network/publicIPAddresses",
            "apiVersion": "2023-05-01",
            "name": "[parameters('publicIPAddresses_vm1ip668_name')]",
            "location": "eastus",
            "sku": {
                "name": "Standard",
                "tier": "Regional"
            },
            "properties": {
                "ipAddress": "168.62.59.103",
                "publicIPAddressVersion": "IPv4",
                "publicIPAllocationMethod": "Static",
                "idleTimeoutInMinutes": 4,
                "ipTags": []
            }
        },
        {
            "type": "Microsoft.Network/publicIPAddresses",
            "apiVersion": "2023-05-01",
            "name": "[parameters('publicIPAddresses_vnet_firewall_publicIpAddress_name')]",
            "location": "eastus",
            "sku": {
                "name": "Standard",
                "tier": "Regional"
            },
            "properties": {
                "ipAddress": "40.88.146.43",
                "publicIPAddressVersion": "IPv4",
                "publicIPAllocationMethod": "Static",
                "idleTimeoutInMinutes": 4,
                "ipTags": [],
                "ddosSettings": {
                    "protectionMode": "VirtualNetworkInherited"
                }
            }
        },
        {
            "type": "Microsoft.Network/virtualNetworks",
            "apiVersion": "2023-05-01",
            "name": "[parameters('virtualNetworks_vnet_name')]",
            "location": "eastus",
            "properties": {
                "addressSpace": {
                    "addressPrefixes": [
                        "10.0.0.0/16"
                    ]
                },
                "encryption": {
                    "enabled": false,
                    "enforcement": "AllowUnencrypted"
                },
                "subnets": [
                    {
                        "name": "default",
                        "id": "[resourceId('Microsoft.Network/virtualNetworks/subnets', parameters('virtualNetworks_vnet_name'), 'default')]",
                        "properties": {
                            "addressPrefix": "10.0.0.0/24",
                            "delegations": [],
                            "privateEndpointNetworkPolicies": "Disabled",
                            "privateLinkServiceNetworkPolicies": "Enabled"
                        },
                        "type": "Microsoft.Network/virtualNetworks/subnets"
                    },
                    {
                        "name": "AzureFirewallSubnet",
                        "id": "[resourceId('Microsoft.Network/virtualNetworks/subnets', parameters('virtualNetworks_vnet_name'), 'AzureFirewallSubnet')]",
                        "properties": {
                            "addressPrefix": "10.0.1.0/26",
                            "delegations": [],
                            "privateEndpointNetworkPolicies": "Disabled",
                            "privateLinkServiceNetworkPolicies": "Enabled"
                        },
                        "type": "Microsoft.Network/virtualNetworks/subnets"
                    }
                ],
                "virtualNetworkPeerings": [],
                "enableDdosProtection": false
            }
        },
        {
            "type": "Microsoft.Storage/storageAccounts",
            "apiVersion": "2023-01-01",
            "name": "[parameters('storageAccounts_kolshet3033_name')]",
            "location": "eastus",
            "sku": {
                "name": "Standard_LRS",
                "tier": "Standard"
            },
            "kind": "StorageV2",
            "properties": {
                "dnsEndpointType": "Standard",
                "defaultToOAuthAuthentication": false,
                "publicNetworkAccess": "Enabled",
                "allowCrossTenantReplication": false,
                "minimumTlsVersion": "TLS1_2",
                "allowBlobPublicAccess": true,
                "allowSharedKeyAccess": true,
                "networkAcls": {
                    "bypass": "AzureServices",
                    "virtualNetworkRules": [],
                    "ipRules": [],
                    "defaultAction": "Allow"
                },
                "supportsHttpsTrafficOnly": true,
                "encryption": {
                    "requireInfrastructureEncryption": false,
                    "services": {
                        "file": {
                            "keyType": "Account",
                            "enabled": true
                        },
                        "blob": {
                            "keyType": "Account",
                            "enabled": true
                        }
                    },
                    "keySource": "Microsoft.Storage"
                },
                "accessTier": "Hot"
            }
        },
        {
            "type": "Microsoft.StorageSync/storageSyncServices",
            "apiVersion": "2022-06-01",
            "name": "[parameters('storageSyncServices_Storagesyncservice_name')]",
            "location": "eastus",
            "properties": {
                "incomingTrafficPolicy": "AllowAllTraffic"
            }
        },
        {
            "type": "Microsoft.Web/connections",
            "apiVersion": "2016-06-01",
            "name": "[parameters('connections_azureblob_name')]",
            "location": "eastus",
            "kind": "V1",
            "properties": {
                "displayName": "abcdblob",
                "statuses": [
                    {
                        "status": "Error",
                        "target": "accountName",
                        "error": {}
                    }
                ],
                "customParameterValues": {},
                "nonSecretParameterValues": {},
                "createdTime": "2023-10-11T14:09:41.28377Z",
                "changedTime": "2023-10-11T14:09:41.28377Z",
                "api": {
                    "name": "[parameters('connections_azureblob_name')]",
                    "displayName": "Azure Blob Storage",
                    "description": "Microsoft Azure Storage provides a massively scalable, durable, and highly available storage for data on the cloud, and serves as the data storage solution for modern applications. Connect to Blob Storage to perform various operations such as create, update, get and delete on blobs in your Azure Storage account.",
                    "iconUri": "[concat('https://connectoricons-prod.azureedge.net/u/henryorsborn/partial-builds/asev3migrations-with-resourceTemplate/1.0.1653.3403/', parameters('connections_azureblob_name'), '/icon.png')]",
                    "brandColor": "#804998",
                    "id": "[concat('/subscriptions/fff676ad-ad32-4e19-8e90-7764f00e1d4c/providers/Microsoft.Web/locations/eastus/managedApis/', parameters('connections_azureblob_name'))]",
                    "type": "Microsoft.Web/locations/managedApis"
                },
                "testLinks": [
                    {
                        "requestUri": "[concat('https://management.azure.com:443/subscriptions/fff676ad-ad32-4e19-8e90-7764f00e1d4c/resourceGroups/MiniProjectAzureLogicApp/providers/Microsoft.Web/connections/', parameters('connections_azureblob_name'), '/extensions/proxy/testconnection?api-version=2016-06-01')]",
                        "method": "get"
                    }
                ]
            }
        },
        {
            "type": "Microsoft.Web/connections",
            "apiVersion": "2016-06-01",
            "name": "[parameters('connections_azureblob_1_name')]",
            "location": "eastus",
            "kind": "V1",
            "properties": {
                "displayName": "newblob",
                "statuses": [
                    {
                        "status": "Connected"
                    }
                ],
                "customParameterValues": {},
                "createdTime": "2023-10-11T14:16:34.4452902Z",
                "changedTime": "2023-10-11T14:16:34.4452902Z",
                "api": {
                    "name": "azureblob",
                    "displayName": "Azure Blob Storage",
                    "description": "Microsoft Azure Storage provides a massively scalable, durable, and highly available storage for data on the cloud, and serves as the data storage solution for modern applications. Connect to Blob Storage to perform various operations such as create, update, get and delete on blobs in your Azure Storage account.",
                    "iconUri": "https://connectoricons-prod.azureedge.net/u/henryorsborn/partial-builds/asev3migrations-with-resourceTemplate/1.0.1653.3403/azureblob/icon.png",
                    "brandColor": "#804998",
                    "id": "/subscriptions/fff676ad-ad32-4e19-8e90-7764f00e1d4c/providers/Microsoft.Web/locations/eastus/managedApis/azureblob",
                    "type": "Microsoft.Web/locations/managedApis"
                },
                "testLinks": [
                    {
                        "requestUri": "[concat('https://management.azure.com:443/subscriptions/fff676ad-ad32-4e19-8e90-7764f00e1d4c/resourceGroups/MiniProjectAzureLogicApp/providers/Microsoft.Web/connections/', parameters('connections_azureblob_1_name'), '/extensions/proxy/testconnection?api-version=2016-06-01')]",
                        "method": "get"
                    }
                ]
            }
        },
        {
            "type": "Microsoft.Web/connections",
            "apiVersion": "2016-06-01",
            "name": "[parameters('connections_azurefile_name')]",
            "location": "eastus",
            "kind": "V1",
            "properties": {
                "displayName": "fileshare",
                "statuses": [
                    {
                        "status": "Error",
                        "target": "accountName",
                        "error": {}
                    },
                    {
                        "status": "Error",
                        "target": "accessKey",
                        "error": {}
                    }
                ],
                "customParameterValues": {},
                "nonSecretParameterValues": {},
                "createdTime": "2023-10-11T14:09:41.2993969Z",
                "changedTime": "2023-10-11T14:09:41.2993969Z",
                "api": {
                    "name": "[parameters('connections_azurefile_name')]",
                    "displayName": "Azure File Storage",
                    "description": "Microsoft Azure Storage provides a massively scalable, durable, and highly available storage for data on the cloud, and serves as the data storage solution for modern applications. Connect to File Storage to perform various operations such as create, update, get and delete on files in your Azure Storage account.",
                    "iconUri": "[concat('https://connectoricons-prod.azureedge.net/u/henryorsborn/partial-builds/asev3migrations-with-resourceTemplate/1.0.1653.3403/', parameters('connections_azurefile_name'), '/icon.png')]",
                    "brandColor": "#804998",
                    "id": "[concat('/subscriptions/fff676ad-ad32-4e19-8e90-7764f00e1d4c/providers/Microsoft.Web/locations/eastus/managedApis/', parameters('connections_azurefile_name'))]",
                    "type": "Microsoft.Web/locations/managedApis"
                },
                "testLinks": [
                    {
                        "requestUri": "[concat('https://management.azure.com:443/subscriptions/fff676ad-ad32-4e19-8e90-7764f00e1d4c/resourceGroups/MiniProjectAzureLogicApp/providers/Microsoft.Web/connections/', parameters('connections_azurefile_name'), '/extensions/proxy/testconnection?api-version=2016-06-01')]",
                        "method": "get"
                    }
                ]
            }
        },
        {
            "type": "Microsoft.Web/connections",
            "apiVersion": "2016-06-01",
            "name": "[parameters('connections_azurefile_1_name')]",
            "location": "eastus",
            "kind": "V1",
            "properties": {
                "displayName": "fileshareconnetion",
                "statuses": [
                    {
                        "status": "Connected"
                    }
                ],
                "customParameterValues": {},
                "nonSecretParameterValues": {
                    "accountName": "kolshet3033"
                },
                "createdTime": "2023-10-11T14:20:26.4451087Z",
                "changedTime": "2023-10-11T14:20:26.4451087Z",
                "api": {
                    "name": "azurefile",
                    "displayName": "Azure File Storage",
                    "description": "Microsoft Azure Storage provides a massively scalable, durable, and highly available storage for data on the cloud, and serves as the data storage solution for modern applications. Connect to File Storage to perform various operations such as create, update, get and delete on files in your Azure Storage account.",
                    "iconUri": "https://connectoricons-prod.azureedge.net/u/henryorsborn/partial-builds/asev3migrations-with-resourceTemplate/1.0.1653.3403/azurefile/icon.png",
                    "brandColor": "#804998",
                    "id": "/subscriptions/fff676ad-ad32-4e19-8e90-7764f00e1d4c/providers/Microsoft.Web/locations/eastus/managedApis/azurefile",
                    "type": "Microsoft.Web/locations/managedApis"
                },
                "testLinks": [
                    {
                        "requestUri": "[concat('https://management.azure.com:443/subscriptions/fff676ad-ad32-4e19-8e90-7764f00e1d4c/resourceGroups/MiniProjectAzureLogicApp/providers/Microsoft.Web/connections/', parameters('connections_azurefile_1_name'), '/extensions/proxy/testconnection?api-version=2016-06-01')]",
                        "method": "get"
                    }
                ]
            }
        },
        {
            "type": "Microsoft.Web/connections",
            "apiVersion": "2016-06-01",
            "name": "[parameters('connections_outlook_name')]",
            "location": "eastus",
            "kind": "V1",
            "properties": {
                "displayName": "Outlook.com",
                "statuses": [
                    {
                        "status": "Error",
                        "target": "token",
                        "error": {}
                    }
                ],
                "customParameterValues": {},
                "nonSecretParameterValues": {},
                "createdTime": "2023-10-11T14:09:41.2747783Z",
                "changedTime": "2023-10-11T14:09:41.2747783Z",
                "api": {
                    "name": "[parameters('connections_outlook_name')]",
                    "displayName": "Outlook.com",
                    "description": "Outlook.com connector allows you to manage your mail, calendars, and contacts. You can perform various actions such as send mail, schedule meetings, add contacts, etc.",
                    "iconUri": "[concat('https://connectoricons-prod.azureedge.net/u/henryorsborn/partial-builds/asev3migrations-with-resourceTemplate/1.0.1653.3403/', parameters('connections_outlook_name'), '/icon.png')]",
                    "brandColor": "#0078D4",
                    "id": "[concat('/subscriptions/fff676ad-ad32-4e19-8e90-7764f00e1d4c/providers/Microsoft.Web/locations/eastus/managedApis/', parameters('connections_outlook_name'))]",
                    "type": "Microsoft.Web/locations/managedApis"
                },
                "testLinks": [
                    {
                        "requestUri": "[concat('https://management.azure.com:443/subscriptions/fff676ad-ad32-4e19-8e90-7764f00e1d4c/resourceGroups/MiniProjectAzureLogicApp/providers/Microsoft.Web/connections/', parameters('connections_outlook_name'), '/extensions/proxy/testconnection?api-version=2016-06-01')]",
                        "method": "get"
                    }
                ]
            }
        },
        {
            "type": "Microsoft.Web/connections",
            "apiVersion": "2016-06-01",
            "name": "[parameters('connections_outlook_1_name')]",
            "location": "eastus",
            "kind": "V1",
            "properties": {
                "displayName": "Outlook.com",
                "statuses": [
                    {
                        "status": "Connected"
                    }
                ],
                "customParameterValues": {},
                "nonSecretParameterValues": {},
                "createdTime": "2023-10-11T14:23:07.3845119Z",
                "changedTime": "2023-10-11T14:23:17.1204618Z",
                "api": {
                    "name": "outlook",
                    "displayName": "Outlook.com",
                    "description": "Outlook.com connector allows you to manage your mail, calendars, and contacts. You can perform various actions such as send mail, schedule meetings, add contacts, etc.",
                    "iconUri": "https://connectoricons-prod.azureedge.net/u/henryorsborn/partial-builds/asev3migrations-with-resourceTemplate/1.0.1653.3403/outlook/icon.png",
                    "brandColor": "#0078D4",
                    "id": "/subscriptions/fff676ad-ad32-4e19-8e90-7764f00e1d4c/providers/Microsoft.Web/locations/eastus/managedApis/outlook",
                    "type": "Microsoft.Web/locations/managedApis"
                },
                "testLinks": [
                    {
                        "requestUri": "[concat('https://management.azure.com:443/subscriptions/fff676ad-ad32-4e19-8e90-7764f00e1d4c/resourceGroups/MiniProjectAzureLogicApp/providers/Microsoft.Web/connections/', parameters('connections_outlook_1_name'), '/extensions/proxy/testconnection?api-version=2016-06-01')]",
                        "method": "get"
                    }
                ]
            }
        },
        {
            "type": "Microsoft.Web/connections",
            "apiVersion": "2016-06-01",
            "name": "[parameters('connections_twilio_name')]",
            "location": "eastus",
            "kind": "V1",
            "properties": {
                "displayName": "[parameters('connections_twilio_name')]",
                "statuses": [
                    {
                        "status": "Error",
                        "target": "sid",
                        "error": {}
                    },
                    {
                        "status": "Error",
                        "target": "token",
                        "error": {}
                    }
                ],
                "customParameterValues": {},
                "nonSecretParameterValues": {},
                "createdTime": "2023-10-11T14:09:41.28377Z",
                "changedTime": "2023-10-11T14:09:41.28377Z",
                "api": {
                    "name": "[parameters('connections_twilio_name')]",
                    "displayName": "Twilio",
                    "description": "Twilio enables apps to send and receive global SMS, MMS and IP messages.",
                    "iconUri": "[concat('https://connectoricons-prod.azureedge.net/releases/v1.0.1656/1.0.1656.3432/', parameters('connections_twilio_name'), '/icon.png')]",
                    "brandColor": "#e22228",
                    "id": "[concat('/subscriptions/fff676ad-ad32-4e19-8e90-7764f00e1d4c/providers/Microsoft.Web/locations/eastus/managedApis/', parameters('connections_twilio_name'))]",
                    "type": "Microsoft.Web/locations/managedApis"
                },
                "testLinks": [
                    {
                        "requestUri": "[concat('https://management.azure.com:443/subscriptions/fff676ad-ad32-4e19-8e90-7764f00e1d4c/resourceGroups/MiniProjectAzureLogicApp/providers/Microsoft.Web/connections/', parameters('connections_twilio_name'), '/extensions/proxy/Messages.json?api-version=2016-06-01')]",
                        "method": "get"
                    }
                ]
            }
        },
        {
            "type": "Microsoft.Web/connections",
            "apiVersion": "2016-06-01",
            "name": "[parameters('connections_twilio_1_name')]",
            "location": "eastus",
            "kind": "V1",
            "properties": {
                "displayName": "twilio",
                "statuses": [
                    {
                        "status": "Connected"
                    }
                ],
                "customParameterValues": {},
                "nonSecretParameterValues": {},
                "createdTime": "2023-10-11T14:21:22.3147974Z",
                "changedTime": "2023-10-11T14:21:22.3147974Z",
                "api": {
                    "name": "twilio",
                    "displayName": "Twilio",
                    "description": "Twilio enables apps to send and receive global SMS, MMS and IP messages.",
                    "iconUri": "https://connectoricons-prod.azureedge.net/releases/v1.0.1656/1.0.1656.3432/twilio/icon.png",
                    "brandColor": "#e22228",
                    "id": "/subscriptions/fff676ad-ad32-4e19-8e90-7764f00e1d4c/providers/Microsoft.Web/locations/eastus/managedApis/twilio",
                    "type": "Microsoft.Web/locations/managedApis"
                },
                "testLinks": [
                    {
                        "requestUri": "[concat('https://management.azure.com:443/subscriptions/fff676ad-ad32-4e19-8e90-7764f00e1d4c/resourceGroups/MiniProjectAzureLogicApp/providers/Microsoft.Web/connections/', parameters('connections_twilio_1_name'), '/extensions/proxy/Messages.json?api-version=2016-06-01')]",
                        "method": "get"
                    }
                ]
            }
        },
        {
            "type": "Microsoft.Compute/virtualMachines",
            "apiVersion": "2023-03-01",
            "name": "[parameters('virtualMachines_vm1_name')]",
            "location": "eastus",
            "dependsOn": [
                "[resourceId('Microsoft.Network/networkInterfaces', parameters('networkInterfaces_vm1145_name'))]"
            ],
            "properties": {
                "hardwareProfile": {
                    "vmSize": "Standard_E2s_v3"
                },
                "storageProfile": {
                    "imageReference": {
                        "publisher": "MicrosoftWindowsServer",
                        "offer": "WindowsServer",
                        "sku": "2022-datacenter-azure-edition-hotpatch",
                        "version": "latest"
                    },
                    "osDisk": {
                        "osType": "Windows",
                        "name": "[concat(parameters('virtualMachines_vm1_name'), '_OsDisk_1_0e33ae0080394b4f85097f83ca363942')]",
                        "createOption": "FromImage",
                        "caching": "ReadWrite",
                        "managedDisk": {
                            "storageAccountType": "Premium_LRS",
                            "id": "[resourceId('Microsoft.Compute/disks', concat(parameters('virtualMachines_vm1_name'), '_OsDisk_1_0e33ae0080394b4f85097f83ca363942'))]"
                        },
                        "deleteOption": "Delete",
                        "diskSizeGB": 127
                    },
                    "dataDisks": [
                        {
                            "lun": 0,
                            "name": "abcd",
                            "createOption": "Attach",
                            "caching": "ReadWrite",
                            "writeAcceleratorEnabled": false,
                            "managedDisk": {
                                "storageAccountType": "Premium_LRS",
                                "id": "[resourceId('Microsoft.Compute/disks', 'abcd')]"
                            },
                            "deleteOption": "Detach",
                            "diskSizeGB": 4,
                            "toBeDetached": false
                        }
                    ],
                    "diskControllerType": "SCSI"
                },
                "osProfile": {
                    "computerName": "[parameters('virtualMachines_vm1_name')]",
                    "adminUsername": "shivam12345",
                    "windowsConfiguration": {
                        "provisionVMAgent": true,
                        "enableAutomaticUpdates": true,
                        "patchSettings": {
                            "patchMode": "AutomaticByPlatform",
                            "automaticByPlatformSettings": {
                                "rebootSetting": "IfRequired",
                                "bypassPlatformSafetyChecksOnUserSchedule": false
                            },
                            "assessmentMode": "ImageDefault",
                            "enableHotpatching": true
                        },
                        "enableVMAgentPlatformUpdates": false
                    },
                    "secrets": [],
                    "allowExtensionOperations": true,
                    "requireGuestProvisionSignal": true
                },
                "securityProfile": {
                    "uefiSettings": {
                        "secureBootEnabled": true,
                        "vTpmEnabled": true
                    },
                    "securityType": "TrustedLaunch"
                },
                "networkProfile": {
                    "networkInterfaces": [
                        {
                            "id": "[resourceId('Microsoft.Network/networkInterfaces', parameters('networkInterfaces_vm1145_name'))]",
                            "properties": {
                                "deleteOption": "Detach"
                            }
                        }
                    ]
                },
                "diagnosticsProfile": {
                    "bootDiagnostics": {
                        "enabled": true
                    }
                }
            }
        },
        {
            "type": "Microsoft.Network/networkSecurityGroups/securityRules",
            "apiVersion": "2023-05-01",
            "name": "[concat(parameters('networkSecurityGroups_vm1_nsg_name'), '/HTTP')]",
            "dependsOn": [
                "[resourceId('Microsoft.Network/networkSecurityGroups', parameters('networkSecurityGroups_vm1_nsg_name'))]"
            ],
            "properties": {
                "protocol": "TCP",
                "sourcePortRange": "*",
                "destinationPortRange": "80",
                "sourceAddressPrefix": "*",
                "destinationAddressPrefix": "*",
                "access": "Allow",
                "priority": 320,
                "direction": "Inbound",
                "sourcePortRanges": [],
                "destinationPortRanges": [],
                "sourceAddressPrefixes": [],
                "destinationAddressPrefixes": []
            }
        },
        {
            "type": "Microsoft.Network/networkSecurityGroups/securityRules",
            "apiVersion": "2023-05-01",
            "name": "[concat(parameters('networkSecurityGroups_vm1nsg469_name'), '/HTTP')]",
            "dependsOn": [
                "[resourceId('Microsoft.Network/networkSecurityGroups', parameters('networkSecurityGroups_vm1nsg469_name'))]"
            ],
            "properties": {
                "protocol": "TCP",
                "sourcePortRange": "*",
                "destinationPortRange": "80",
                "sourceAddressPrefix": "*",
                "destinationAddressPrefix": "*",
                "access": "Allow",
                "priority": 320,
                "direction": "Inbound",
                "sourcePortRanges": [],
                "destinationPortRanges": [],
                "sourceAddressPrefixes": [],
                "destinationAddressPrefixes": []
            }
        },
        {
            "type": "Microsoft.Network/networkSecurityGroups/securityRules",
            "apiVersion": "2023-05-01",
            "name": "[concat(parameters('networkSecurityGroups_vm1_nsg_name'), '/RDP')]",
            "dependsOn": [
                "[resourceId('Microsoft.Network/networkSecurityGroups', parameters('networkSecurityGroups_vm1_nsg_name'))]"
            ],
            "properties": {
                "protocol": "TCP",
                "sourcePortRange": "*",
                "destinationPortRange": "3389",
                "sourceAddressPrefix": "*",
                "destinationAddressPrefix": "*",
                "access": "Allow",
                "priority": 300,
                "direction": "Inbound",
                "sourcePortRanges": [],
                "destinationPortRanges": [],
                "sourceAddressPrefixes": [],
                "destinationAddressPrefixes": []
            }
        },
        {
            "type": "Microsoft.Network/networkSecurityGroups/securityRules",
            "apiVersion": "2023-05-01",
            "name": "[concat(parameters('networkSecurityGroups_vm1nsg469_name'), '/RDP')]",
            "dependsOn": [
                "[resourceId('Microsoft.Network/networkSecurityGroups', parameters('networkSecurityGroups_vm1nsg469_name'))]"
            ],
            "properties": {
                "protocol": "TCP",
                "sourcePortRange": "*",
                "destinationPortRange": "3389",
                "sourceAddressPrefix": "*",
                "destinationAddressPrefix": "*",
                "access": "Allow",
                "priority": 300,
                "direction": "Inbound",
                "sourcePortRanges": [],
                "destinationPortRanges": [],
                "sourceAddressPrefixes": [],
                "destinationAddressPrefixes": []
            }
        },
        {
            "type": "Microsoft.Network/virtualNetworks/subnets",
            "apiVersion": "2023-05-01",
            "name": "[concat(parameters('virtualNetworks_vnet_name'), '/AzureFirewallSubnet')]",
            "dependsOn": [
                "[resourceId('Microsoft.Network/virtualNetworks', parameters('virtualNetworks_vnet_name'))]"
            ],
            "properties": {
                "addressPrefix": "10.0.1.0/26",
                "delegations": [],
                "privateEndpointNetworkPolicies": "Disabled",
                "privateLinkServiceNetworkPolicies": "Enabled"
            }
        },
        {
            "type": "Microsoft.Network/virtualNetworks/subnets",
            "apiVersion": "2023-05-01",
            "name": "[concat(parameters('virtualNetworks_vnet_name'), '/default')]",
            "dependsOn": [
                "[resourceId('Microsoft.Network/virtualNetworks', parameters('virtualNetworks_vnet_name'))]"
            ],
            "properties": {
                "addressPrefix": "10.0.0.0/24",
                "delegations": [],
                "privateEndpointNetworkPolicies": "Disabled",
                "privateLinkServiceNetworkPolicies": "Enabled"
            }
        },
        {
            "type": "Microsoft.Storage/storageAccounts/blobServices",
            "apiVersion": "2023-01-01",
            "name": "[concat(parameters('storageAccounts_kolshet3033_name'), '/default')]",
            "dependsOn": [
                "[resourceId('Microsoft.Storage/storageAccounts', parameters('storageAccounts_kolshet3033_name'))]"
            ],
            "sku": {
                "name": "Standard_LRS",
                "tier": "Standard"
            },
            "properties": {
                "changeFeed": {
                    "enabled": false
                },
                "restorePolicy": {
                    "enabled": false
                },
                "containerDeleteRetentionPolicy": {
                    "enabled": true,
                    "days": 7
                },
                "cors": {
                    "corsRules": []
                },
                "deleteRetentionPolicy": {
                    "allowPermanentDelete": false,
                    "enabled": true,
                    "days": 7
                },
                "isVersioningEnabled": false
            }
        },
        {
            "type": "Microsoft.Storage/storageAccounts/fileServices",
            "apiVersion": "2023-01-01",
            "name": "[concat(parameters('storageAccounts_kolshet3033_name'), '/default')]",
            "dependsOn": [
                "[resourceId('Microsoft.Storage/storageAccounts', parameters('storageAccounts_kolshet3033_name'))]"
            ],
            "sku": {
                "name": "Standard_LRS",
                "tier": "Standard"
            },
            "properties": {
                "protocolSettings": {
                    "smb": {}
                },
                "cors": {
                    "corsRules": []
                },
                "shareDeleteRetentionPolicy": {
                    "enabled": true,
                    "days": 7
                }
            }
        },
        {
            "type": "Microsoft.Storage/storageAccounts/queueServices",
            "apiVersion": "2023-01-01",
            "name": "[concat(parameters('storageAccounts_kolshet3033_name'), '/default')]",
            "dependsOn": [
                "[resourceId('Microsoft.Storage/storageAccounts', parameters('storageAccounts_kolshet3033_name'))]"
            ],
            "properties": {
                "cors": {
                    "corsRules": []
                }
            }
        },
        {
            "type": "Microsoft.Storage/storageAccounts/tableServices",
            "apiVersion": "2023-01-01",
            "name": "[concat(parameters('storageAccounts_kolshet3033_name'), '/default')]",
            "dependsOn": [
                "[resourceId('Microsoft.Storage/storageAccounts', parameters('storageAccounts_kolshet3033_name'))]"
            ],
            "properties": {
                "cors": {
                    "corsRules": []
                }
            }
        },
        {
            "type": "Microsoft.StorageSync/storageSyncServices/syncGroups",
            "apiVersion": "2022-06-01",
            "name": "[concat(parameters('storageSyncServices_Storagesyncservice_name'), '/syncgroup3033')]",
            "dependsOn": [
                "[resourceId('Microsoft.StorageSync/storageSyncServices', parameters('storageSyncServices_Storagesyncservice_name'))]"
            ],
            "properties": {}
        },
        {
            "type": "microsoft.insights/metricAlerts",
            "apiVersion": "2018-03-01",
            "name": "[parameters('metricAlerts_Percentage_CPU___vm1_name')]",
            "location": "Global",
            "dependsOn": [
                "[resourceId('Microsoft.Compute/virtualMachines', parameters('virtualMachines_vm1_name'))]",
                "[resourceId('microsoft.insights/actionGroups', parameters('actionGroups_RecommendedAlertRules_AG_1_name'))]"
            ],
            "properties": {
                "severity": 3,
                "enabled": true,
                "scopes": [
                    "[resourceId('Microsoft.Compute/virtualMachines', parameters('virtualMachines_vm1_name'))]"
                ],
                "evaluationFrequency": "PT5M",
                "windowSize": "PT5M",
                "criteria": {
                    "allOf": [
                        {
                            "threshold": 50,
                            "name": "Metric1",
                            "metricNamespace": "Microsoft.Compute/virtualMachines",
                            "metricName": "Percentage CPU",
                            "operator": "GreaterThan",
                            "timeAggregation": "Average",
                            "criterionType": "StaticThresholdCriterion"
                        }
                    ],
                    "odata.type": "Microsoft.Azure.Monitor.MultipleResourceMultipleMetricCriteria"
                },
                "targetResourceType": "Microsoft.Compute/virtualMachines",
                "actions": [
                    {
                        "actionGroupId": "[resourceId('microsoft.insights/actionGroups', parameters('actionGroups_RecommendedAlertRules_AG_1_name'))]",
                        "webHookProperties": {}
                    }
                ]
            }
        },
        {
            "type": "Microsoft.Network/azureFirewalls",
            "apiVersion": "2023-05-01",
            "name": "[parameters('azureFirewalls_vnet_Firewall_name')]",
            "location": "eastus",
            "dependsOn": [
                "[resourceId('Microsoft.Network/publicIPAddresses', parameters('publicIPAddresses_vnet_firewall_publicIpAddress_name'))]",
                "[resourceId('Microsoft.Network/virtualNetworks/subnets', parameters('virtualNetworks_vnet_name'), 'AzureFirewallSubnet')]"
            ],
            "properties": {
                "sku": {
                    "name": "AZFW_VNet",
                    "tier": "Standard"
                },
                "threatIntelMode": "Alert",
                "additionalProperties": {},
                "ipConfigurations": [
                    {
                        "name": "ipConfig",
                        "id": "[concat(resourceId('Microsoft.Network/azureFirewalls', parameters('azureFirewalls_vnet_Firewall_name')), '/azureFirewallIpConfigurations/ipConfig')]",
                        "properties": {
                            "publicIPAddress": {
                                "id": "[resourceId('Microsoft.Network/publicIPAddresses', parameters('publicIPAddresses_vnet_firewall_publicIpAddress_name'))]"
                            },
                            "subnet": {
                                "id": "[resourceId('Microsoft.Network/virtualNetworks/subnets', parameters('virtualNetworks_vnet_name'), 'AzureFirewallSubnet')]"
                            }
                        }
                    }
                ],
                "networkRuleCollections": [],
                "applicationRuleCollections": [],
                "natRuleCollections": []
            }
        },
        {
            "type": "Microsoft.Storage/storageAccounts/blobServices/containers",
            "apiVersion": "2023-01-01",
            "name": "[concat(parameters('storageAccounts_kolshet3033_name'), '/default/containerblob')]",
            "dependsOn": [
                "[resourceId('Microsoft.Storage/storageAccounts/blobServices', parameters('storageAccounts_kolshet3033_name'), 'default')]",
                "[resourceId('Microsoft.Storage/storageAccounts', parameters('storageAccounts_kolshet3033_name'))]"
            ],
            "properties": {
                "immutableStorageWithVersioning": {
                    "enabled": false
                },
                "defaultEncryptionScope": "$account-encryption-key",
                "denyEncryptionScopeOverride": false,
                "publicAccess": "Container"
            }
        },
        {
            "type": "Microsoft.Storage/storageAccounts/fileServices/shares",
            "apiVersion": "2023-01-01",
            "name": "[concat(parameters('storageAccounts_kolshet3033_name'), '/default/fileshare')]",
            "dependsOn": [
                "[resourceId('Microsoft.Storage/storageAccounts/fileServices', parameters('storageAccounts_kolshet3033_name'), 'default')]",
                "[resourceId('Microsoft.Storage/storageAccounts', parameters('storageAccounts_kolshet3033_name'))]"
            ],
            "properties": {
                "accessTier": "Hot",
                "shareQuota": 5120,
                "enabledProtocols": "SMB"
            }
        },
        {
            "type": "Microsoft.Network/networkInterfaces",
            "apiVersion": "2023-05-01",
            "name": "[parameters('networkInterfaces_vm1145_name')]",
            "location": "eastus",
            "dependsOn": [
                "[resourceId('Microsoft.Network/publicIPAddresses', parameters('publicIPAddresses_vm1ip668_name'))]",
                "[resourceId('Microsoft.Network/virtualNetworks/subnets', parameters('virtualNetworks_vnet_name'), 'default')]",
                "[resourceId('Microsoft.Network/networkSecurityGroups', parameters('networkSecurityGroups_vm1nsg469_name'))]"
            ],
            "kind": "Regular",
            "properties": {
                "ipConfigurations": [
                    {
                        "name": "ipconfig1",
                        "id": "[concat(resourceId('Microsoft.Network/networkInterfaces', parameters('networkInterfaces_vm1145_name')), '/ipConfigurations/ipconfig1')]",
                        "etag": "W/\"078beda0-f323-4eea-b63e-e204423ee993\"",
                        "type": "Microsoft.Network/networkInterfaces/ipConfigurations",
                        "properties": {
                            "provisioningState": "Succeeded",
                            "privateIPAddress": "10.0.0.5",
                            "privateIPAllocationMethod": "Dynamic",
                            "publicIPAddress": {
                                "id": "[resourceId('Microsoft.Network/publicIPAddresses', parameters('publicIPAddresses_vm1ip668_name'))]",
                                "properties": {
                                    "deleteOption": "Detach"
                                }
                            },
                            "subnet": {
                                "id": "[resourceId('Microsoft.Network/virtualNetworks/subnets', parameters('virtualNetworks_vnet_name'), 'default')]"
                            },
                            "primary": true,
                            "privateIPAddressVersion": "IPv4"
                        }
                    }
                ],
                "dnsSettings": {
                    "dnsServers": []
                },
                "enableAcceleratedNetworking": true,
                "enableIPForwarding": false,
                "disableTcpStateTracking": false,
                "networkSecurityGroup": {
                    "id": "[resourceId('Microsoft.Network/networkSecurityGroups', parameters('networkSecurityGroups_vm1nsg469_name'))]"
                },
                "nicType": "Standard",
                "auxiliaryMode": "None",
                "auxiliarySku": "None"
            }
        },
        {
            "type": "Microsoft.Network/networkInterfaces",
            "apiVersion": "2023-05-01",
            "name": "[parameters('networkInterfaces_vm1961_name')]",
            "location": "eastus",
            "dependsOn": [
                "[resourceId('Microsoft.Network/publicIPAddresses', parameters('publicIPAddresses_vm1_ip_name'))]",
                "[resourceId('Microsoft.Network/virtualNetworks/subnets', parameters('virtualNetworks_vnet_name'), 'default')]",
                "[resourceId('Microsoft.Network/networkSecurityGroups', parameters('networkSecurityGroups_vm1_nsg_name'))]"
            ],
            "kind": "Regular",
            "properties": {
                "ipConfigurations": [
                    {
                        "name": "ipconfig1",
                        "id": "[concat(resourceId('Microsoft.Network/networkInterfaces', parameters('networkInterfaces_vm1961_name')), '/ipConfigurations/ipconfig1')]",
                        "etag": "W/\"9b418878-f9c0-4216-9b9b-685a803fc141\"",
                        "type": "Microsoft.Network/networkInterfaces/ipConfigurations",
                        "properties": {
                            "provisioningState": "Succeeded",
                            "privateIPAddress": "10.0.0.4",
                            "privateIPAllocationMethod": "Dynamic",
                            "publicIPAddress": {
                                "id": "[resourceId('Microsoft.Network/publicIPAddresses', parameters('publicIPAddresses_vm1_ip_name'))]",
                                "properties": {
                                    "deleteOption": "Detach"
                                }
                            },
                            "subnet": {
                                "id": "[resourceId('Microsoft.Network/virtualNetworks/subnets', parameters('virtualNetworks_vnet_name'), 'default')]"
                            },
                            "primary": true,
                            "privateIPAddressVersion": "IPv4"
                        }
                    }
                ],
                "dnsSettings": {
                    "dnsServers": []
                },
                "enableAcceleratedNetworking": true,
                "enableIPForwarding": false,
                "disableTcpStateTracking": false,
                "networkSecurityGroup": {
                    "id": "[resourceId('Microsoft.Network/networkSecurityGroups', parameters('networkSecurityGroups_vm1_nsg_name'))]"
                },
                "nicType": "Standard",
                "auxiliaryMode": "None",
                "auxiliarySku": "None"
            }
        },
        {
            "type": "Microsoft.StorageSync/storageSyncServices/syncGroups/cloudEndpoints",
            "apiVersion": "2022-06-01",
            "name": "[concat(parameters('storageSyncServices_Storagesyncservice_name'), '/syncgroup3033/064292eb-cc27-4818-bed0-508c693f2afc')]",
            "dependsOn": [
                "[resourceId('Microsoft.StorageSync/storageSyncServices/syncGroups', parameters('storageSyncServices_Storagesyncservice_name'), 'syncgroup3033')]",
                "[resourceId('Microsoft.StorageSync/storageSyncServices', parameters('storageSyncServices_Storagesyncservice_name'))]",
                "[resourceId('Microsoft.Storage/storageAccounts', parameters('storageAccounts_kolshet3033_name'))]"
            ],
            "properties": {
                "storageAccountResourceId": "[resourceId('Microsoft.Storage/storageAccounts', parameters('storageAccounts_kolshet3033_name'))]",
                "azureFileShareName": "fileshare",
                "storageAccountTenantId": "5026c19f-5e46-44ca-ab88-3bcdb7e1f385",
                "friendlyName": "fileshare"
            }
        },
        {
            "type": "Microsoft.Logic/workflows",
            "apiVersion": "2017-07-01",
            "name": "[parameters('workflows_logicappmumbai_name')]",
            "location": "eastus",
            "dependsOn": [
                "[resourceId('Microsoft.Web/connections', parameters('connections_azureblob_1_name'))]",
                "[resourceId('Microsoft.Web/connections', parameters('connections_azurefile_1_name'))]",
                "[resourceId('Microsoft.Web/connections', parameters('connections_outlook_1_name'))]",
                "[resourceId('Microsoft.Web/connections', parameters('connections_twilio_1_name'))]"
            ],
            "properties": {
                "state": "Enabled",
                "definition": {
                    "$schema": "https://schema.management.azure.com/providers/Microsoft.Logic/schemas/2016-06-01/workflowdefinition.json#",
                    "contentVersion": "1.0.0.0",
                    "parameters": {
                        "$connections": {
                            "defaultValue": {},
                            "type": "Object"
                        }
                    },
                    "triggers": {
                        "When_a_blob_is_added_or_modified_(properties_only)_(V2)": {
                            "recurrence": {
                                "frequency": "Second",
                                "interval": 3
                            },
                            "evaluatedRecurrence": {
                                "frequency": "Second",
                                "interval": 3
                            },
                            "splitOn": "@triggerBody()",
                            "metadata": {
                                "JTJmY29udGFpbmVyYmxvYg==": "/containerblob"
                            },
                            "type": "ApiConnection",
                            "inputs": {
                                "host": {
                                    "connection": {
                                        "name": "@parameters('$connections')['azureblob_1']['connectionId']"
                                    }
                                },
                                "method": "get",
                                "path": "/v2/datasets/@{encodeURIComponent(encodeURIComponent('AccountNameFromSettings'))}/triggers/batch/onupdatedfile",
                                "queries": {
                                    "checkBothCreatedAndModifiedDateTime": false,
                                    "folderId": "JTJmY29udGFpbmVyYmxvYg==",
                                    "maxFileCount": 1
                                }
                            }
                        }
                    },
                    "actions": {
                        "For_each": {
                            "foreach": "@body('Lists_blobs_(V2)')?['value']",
                            "actions": {
                                "Create_file": {
                                    "runAfter": {
                                        "Get_blob_content_(V2)": [
                                            "Succeeded"
                                        ]
                                    },
                                    "type": "ApiConnection",
                                    "inputs": {
                                        "body": "@body('Get_blob_content_(V2)')",
                                        "headers": {
                                            "ReadFileMetadataFromServer": true
                                        },
                                        "host": {
                                            "connection": {
                                                "name": "@parameters('$connections')['azurefile_1']['connectionId']"
                                            }
                                        },
                                        "method": "post",
                                        "path": "/datasets/default/files",
                                        "queries": {
                                            "folderPath": "/fileshare",
                                            "name": "@items('For_each')?['Name']",
                                            "queryParametersSingleEncoded": true
                                        }
                                    },
                                    "runtimeConfiguration": {
                                        "contentTransfer": {
                                            "transferMode": "Chunked"
                                        }
                                    }
                                },
                                "Get_blob_content_(V2)": {
                                    "runAfter": {},
                                    "type": "ApiConnection",
                                    "inputs": {
                                        "host": {
                                            "connection": {
                                                "name": "@parameters('$connections')['azureblob_1']['connectionId']"
                                            }
                                        },
                                        "method": "get",
                                        "path": "/v2/datasets/@{encodeURIComponent(encodeURIComponent('AccountNameFromSettings'))}/files/@{encodeURIComponent(encodeURIComponent(items('For_each')?['Id']))}/content",
                                        "queries": {
                                            "inferContentType": true
                                        }
                                    }
                                },
                                "Send_Text_Message_(SMS)": {
                                    "runAfter": {
                                        "Create_file": [
                                            "Succeeded"
                                        ]
                                    },
                                    "type": "ApiConnection",
                                    "inputs": {
                                        "body": {
                                            "body": "hello new blob is added",
                                            "from": "+12568418279",
                                            "to": "+917900160211"
                                        },
                                        "host": {
                                            "connection": {
                                                "name": "@parameters('$connections')['twilio_1']['connectionId']"
                                            }
                                        },
                                        "method": "post",
                                        "path": "/Messages.json"
                                    }
                                },
                                "Send_an_email_(V2)": {
                                    "runAfter": {
                                        "Create_file": [
                                            "Succeeded"
                                        ]
                                    },
                                    "type": "ApiConnection",
                                    "inputs": {
                                        "body": {
                                            "Body": "<p>@{body('Get_blob_content_(V2)')}</p>",
                                            "Importance": "High",
                                            "Subject": "new blob is added",
                                            "To": "shivam.pratap3033@gmail.com"
                                        },
                                        "host": {
                                            "connection": {
                                                "name": "@parameters('$connections')['outlook']['connectionId']"
                                            }
                                        },
                                        "method": "post",
                                        "path": "/v2/Mail"
                                    }
                                }
                            },
                            "runAfter": {
                                "Lists_blobs_(V2)": [
                                    "Succeeded"
                                ]
                            },
                            "type": "Foreach"
                        },
                        "Lists_blobs_(V2)": {
                            "runAfter": {},
                            "metadata": {
                                "JTJmY29udGFpbmVyYmxvYg==": "/containerblob"
                            },
                            "type": "ApiConnection",
                            "inputs": {
                                "host": {
                                    "connection": {
                                        "name": "@parameters('$connections')['azureblob_1']['connectionId']"
                                    }
                                },
                                "method": "get",
                                "path": "/v2/datasets/@{encodeURIComponent(encodeURIComponent('AccountNameFromSettings'))}/foldersV2/@{encodeURIComponent(encodeURIComponent('JTJmY29udGFpbmVyYmxvYg=='))}",
                                "queries": {
                                    "nextPageMarker": "",
                                    "useFlatListing": false
                                }
                            }
                        }
                    },
                    "outputs": {}
                },
                "parameters": {
                    "$connections": {
                        "value": {
                            "azureblob_1": {
                                "connectionId": "[resourceId('Microsoft.Web/connections', parameters('connections_azureblob_1_name'))]",
                                "connectionName": "azureblob-1",
                                "id": "/subscriptions/fff676ad-ad32-4e19-8e90-7764f00e1d4c/providers/Microsoft.Web/locations/eastus/managedApis/azureblob"
                            },
                            "azurefile_1": {
                                "connectionId": "[resourceId('Microsoft.Web/connections', parameters('connections_azurefile_1_name'))]",
                                "connectionName": "azurefile-1",
                                "id": "/subscriptions/fff676ad-ad32-4e19-8e90-7764f00e1d4c/providers/Microsoft.Web/locations/eastus/managedApis/azurefile"
                            },
                            "outlook": {
                                "connectionId": "[resourceId('Microsoft.Web/connections', parameters('connections_outlook_1_name'))]",
                                "connectionName": "outlook-1",
                                "id": "/subscriptions/fff676ad-ad32-4e19-8e90-7764f00e1d4c/providers/Microsoft.Web/locations/eastus/managedApis/outlook"
                            },
                            "twilio_1": {
                                "connectionId": "[resourceId('Microsoft.Web/connections', parameters('connections_twilio_1_name'))]",
                                "connectionName": "twilio-1",
                                "id": "/subscriptions/fff676ad-ad32-4e19-8e90-7764f00e1d4c/providers/Microsoft.Web/locations/eastus/managedApis/twilio"
                            }
                        }
                    }
                }
            }
        }
    ]
}